站点,统一markup,站点满意度,年利润(元)
C,0.15,0.791,-1839.8816900000675
G,-0.1,0.8681610762124352,-36924.39440000104
H,0.05,0.8300000000000001,-3123.0751266665757
J,-0.1,0.8693461853008272,58489.91368000116
