站点,统一markup,站点满意度,年利润(元)
C,0.0,1.0,-131233.89
G,-0.1,0.9671610762124354,38011.12285199948
H,0.0,1.0,13763.136666666367
J,-0.2,0.9053461853008272,-470879.353728001
